{
    "status": 1,
    "content": {
        "currency": "$",
        "title": "Bag",
        "goodsList": {
            "title": "Buy Two Save One",
            "linkText": "piece togethe > ",
            "children": [{
                "id": 6,
                "title": "Photo Series Necklaces Soufeel static.soufeel.com/media",
                "info": "SIZE 50",
                "price": "100",
                "count": "12",
                "img": "https://static.soufeel.com/media/catalog/category/C021.png",
                "path": "list",
                "query": { "category": 1 }
            }, {
                "id": 1,
                "title": "Name Necklaces",
                "info": "SIZE 60",
                "price": "100",
                "count": "6",
                "img": "https://static.soufeel.com/media/catalog/category/S-ZNL.png",
                "path": "list",
                "query": { "category": 2 }
            }, {
                "id": 2,
                "title": "Soufeel Rings",
                "info": "SIZE 51",
                "price": "120",
                "count": "1",
                "img": "https://static.soufeel.com/media/catalog/category/R141.png",
                "path": "list",
                "query": { "category": 3 }
            }, {
                "id": 3,
                "title": "You",
                "info": "SIZE 20",
                "price": "270",
                "count": "16",
                "img": "https://static.soufeel.com/media/catalog/category/FJ1107.png",
                "path": "list",
                "query": { "category": 4 }
            }, {
                "id": 4,
                "title": "Pets",
                "info": "SIZE 30",
                "price": "20",
                "count": "21",
                "img": "https://static.soufeel.com/media/catalog/category/C045_1.png",
                "path": "list",
                "query": { "category": 5 }
            }]
        },
        "giftList": {
            "title": "CHOOSE U FREE GIFT",
            "children": [{
                "id": 1,
                "title": "gift Photo Series",
                "info": "SIZE 50",
                "price": "$6",
                "count": "1",
                "img": "https://static.soufeel.com/media/catalog/category/C021.png",
                "path": "list",
                "query": { "category": 1 }
            }, {
                "id": 21,
                "title": "gift Name Necklaces Photo Series Necklaces Soufeel static.soufeel.com/media",
                "info": "SIZE 60",
                "price": "$100",
                "count": "2",
                "img": "https://static.soufeel.com/media/catalog/category/S-ZNL.png",
                "path": "list",
                "query": { "category": 2 }
            }]
        },

        "giftMore": [{
            "title": "Free Gift For Orders Over $69.00",
            "children": [{
                "id": 6,
                "title": "Photo Series",
                "info": "SIZE 50",
                "price": "$6",
                "count": "12",
                "img": "https://static.soufeel.com/media/catalog/category/S-ZNL.png",
                "path": "list",
                "query": { "category": 1 }
            }, {
                "id": 1,
                "title": "Name Necklaces",
                "info": "SIZE 60",
                "price": "$100",
                "count": "6",
                "img": "https://static.soufeel.com/media/catalog/category/S-ZNL.png",
                "path": "list",
                "query": { "category": 2 }
            }, {
                "id": 2,
                "title": "Soufeel Rings",
                "info": "SIZE 51",
                "price": "$120",
                "count": "1",
                "img": "https://static.soufeel.com/media/catalog/category/R141.png",
                "path": "list",
                "query": { "category": 3 }
            }, {
                "id": 3,
                "title": "You",
                "info": "SIZE 20",
                "price": "$270",
                "count": "16",
                "img": "https://static.soufeel.com/media/catalog/category/FJ1107.png",
                "path": "list",
                "query": { "category": 4 }
            }]
        }, {
            "title": "Free Gift For Orders Over $99.00",
            "children": [{
                "id": 2,
                "title": "Soufeel Rings",
                "info": "SIZE 51",
                "price": "$120",
                "count": "1",
                "img": "https://static.soufeel.com/media/catalog/category/R141.png",
                "path": "list",
                "query": { "category": 3 }
            }, {
                "id": 3,
                "title": "You",
                "info": "SIZE 20",
                "price": "$270",
                "count": "16",
                "img": "https://static.soufeel.com/media/catalog/category/FJ1107.png",
                "path": "list",
                "query": { "category": 4 }
            }]
        }],

        "recommend": {
            "title": "We Also Recommend",
            "children": [
                { "title": "111", "img": "http://jer.soufeel.org/media/catalog/product/D/Y/DY1057.png", "price": "10" },
                { "title": "222", "img": "https://static.soufeel.com/media/catalog/category/S-ZNL.png", "price": "10" }
            ]
        }
    }
}
