{
    "category-thumbs": {
        "big": {
            "src": "http://jer.soufeel.org/media/catalog/product/F/J/FJ1062_1.jpg"
        },
        "small": [{
            "title": "Photo Series",
            "img": "https://static.soufeel.com/media/catalog/category/C021.png",
            "path": "list"  ,
            "query": { "category": 1 }
        }, {
            "title": "Name Necklaces",
            "img": "https://static.soufeel.com/media/catalog/category/S-ZNL.png",
            "path": "list",
            "query": { "category": 2 }
        }, {
            "title": "Soufeel Rings",
            "img": "https://static.soufeel.com/media/catalog/category/R141.png",
            "path": "list",
            "query": { "category": 3 }
        }, {
            "title": "You",
            "img": "https://static.soufeel.com/media/catalog/category/FJ1107.png",
            "path": "list",
            "query": { "category": 4 }
        }, {
            "title": "Pets",
            "img": "https://static.soufeel.com/media/catalog/category/C045_1.png",
            "path": "list",
            "query": { "category": 5 }
        }, {
            "title": "Mom",
            "img": "https://static.soufeel.com/media/catalog/category/YB146.png",
            "path": "list",
            "query": { "category": 6 }
        }]
    },

    "looks": {
        "breadcrumb": ["Sweet", "Workplacet", "Partyt", "Travelt", "Holiday"],
        "swiper": [
            [{
                "src": "https://static.soufeel.com/skin/frontend/smartwave/default/images/home/home-Sweet-01.jpg",
                "width": "3.6rem",
                "top": "0",
                "left": "0",
                "delay": "300"
            }, {
                "src": "https://static.soufeel.com/skin/frontend/smartwave/default/images/home/home-Sweet-02.png",
                "width": "3rem",
                "top": "3rem",
                "left": "2.5rem",
                "delay": "600"
            }, {
                "text": "Sweet",
                "top": "1rem",
                "left": "3rem",
                "delay": "900",
                "fontSize": ".4rem"
            }, {
                "text": "For every",
                "top": "1.5rem",
                "left": "3rem",
                "delay": "1300",
                "fontSize": ".23rem"
            }, {
                "text": "Memorable Day",
                "top": "1.8rem",
                "left": "3rem",
                "delay": "1300",
                "fontSize": ".3rem"
            }],

            [{
                "src": "https://static.soufeel.com/skin/frontend/smartwave/default/images/home/home-Holiday-01.jpg",
                "width": "3.6rem",
                "top": "0",
                "left": "0",
                "delay": "300"
            }, {
                "text": "Memorable Day",
                "top": "1.8rem",
                "left": "3rem",
                "delay": "1300",
                "fontSize": ".3rem"
            }],

            [{
                "src": "https://static.soufeel.com/skin/frontend/smartwave/default/images/home/home-Travel-01.jpg",
                "width": "3.6rem",
                "top": "0",
                "left": "0",
                "delay": "300"
            }, {
                "text": "Memorable Day",
                "top": "1.8rem",
                "left": "3rem",
                "delay": "1300",
                "fontSize": ".3rem"
            }]
        ],
        "goodsImg": [
            "https://static.soufeel.com/media/catalog/product/cache/0/small_image/280x280/9df78eab33525d08d6e5fb8d27136e95/4/6/46034.png",
            "https://static.soufeel.com/media/catalog/product/cache/0/small_image/280x280/9df78eab33525d08d6e5fb8d27136e95/D/P/DP035A.png",
            "https://static.soufeel.com/media/catalog/product/cache/0/small_image/280x280/9df78eab33525d08d6e5fb8d27136e95/F/J/FJ1107.png",
            "https://static.soufeel.com/media/catalog/product/cache/0/small_image/280x280/9df78eab33525d08d6e5fb8d27136e95/F/J/FJ1244.png",
            "https://static.soufeel.com/media/catalog/product/cache/0/small_image/280x280/9df78eab33525d08d6e5fb8d27136e95/X/S/XS1074.png",
            "https://static.soufeel.com/media/catalog/product/cache/0/thumbnail/280x280/9df78eab33525d08d6e5fb8d27136e95/G/P/GP1306_1.png",
            "https://static.soufeel.com/media/catalog/product/cache/0/small_image/280x280/9df78eab33525d08d6e5fb8d27136e95/G/4/G48023A.png",
            "https://static.soufeel.com/media/catalog/product/cache/0/small_image/280x280/9df78eab33525d08d6e5fb8d27136e95/D/Y/DY1162.png"
        ]

    }
}
